2025-06-04 01:59:17,<frozen runpy>,pid=22504,model=TFIDF,phase=fit,seconds=15.09
2025-06-04 01:59:46,<frozen runpy>,pid=22504,model=SVD-150,phase=fit,seconds=15.84
2025-06-04 02:00:12,<frozen runpy>,pid=22504,model=SVD-100,phase=fit,seconds=26.22
2025-06-04 02:10:25,<frozen runpy>,pid=22504,model=RAW_FEATURES,phase=fit,seconds=0.0
2025-06-04 02:13:13,<frozen runpy>,pid=22504,model=IPCA-95,phase=fit,seconds=167.45,n_components=3
2025-06-04 02:13:13,<frozen runpy>,pid=22504,model=TFIDF,phase=load
2025-06-04 02:13:26,<frozen runpy>,pid=22504,model=SVD-150,phase=load
2025-06-04 02:13:27,<frozen runpy>,pid=22504,model=SVD-100,phase=load
2025-06-04 02:14:41,<frozen runpy>,pid=22504,model=RAW_FEATURES,phase=fit,seconds=0.0
2025-06-04 02:14:41,<frozen runpy>,pid=22504,model=IPCA-95,phase=load,n_components=3
2025-06-04 02:14:42,<frozen runpy>,pid=22504,model=TFIDF,phase=load
2025-06-04 02:14:54,<frozen runpy>,pid=22504,model=SVD-150,phase=load
2025-06-04 02:14:55,<frozen runpy>,pid=22504,model=SVD-100,phase=load
2025-06-04 02:16:06,<frozen runpy>,pid=22504,model=RAW_FEATURES,phase=fit,seconds=0.0
2025-06-04 02:16:06,<frozen runpy>,pid=22504,model=IPCA-95,phase=load,n_components=3
2025-06-04 02:16:06,<frozen runpy>,pid=22504,model=TFIDF,phase=load
2025-06-04 02:16:19,<frozen runpy>,pid=22504,model=SVD-150,phase=load
2025-06-04 02:16:20,<frozen runpy>,pid=22504,model=SVD-100,phase=load
2025-06-04 02:16:24,<frozen runpy>,pid=22504,model=CROSS:cross-encoder/quora-roberta-large,phase=load
2025-06-04 02:16:26,<frozen runpy>,pid=22504,model=RAW_FEATURES,phase=fit,seconds=0.0
2025-06-04 02:28:57,<frozen runpy>,pid=27602,model=TFIDF,phase=load
2025-06-04 02:29:10,<frozen runpy>,pid=27602,model=SVD-150,phase=load
2025-06-04 02:29:12,<frozen runpy>,pid=27602,model=SVD-100,phase=load
2025-06-04 02:29:15,<frozen runpy>,pid=27602,model=CROSS:cross-encoder/quora-roberta-large,phase=load
2025-06-04 02:34:09,<frozen runpy>,pid=27842,model=TFIDF,phase=load
2025-06-04 02:34:22,<frozen runpy>,pid=27842,model=SVD-150,phase=load
2025-06-04 02:34:23,<frozen runpy>,pid=27842,model=SVD-100,phase=load
2025-06-04 02:34:27,<frozen runpy>,pid=27842,model=CROSS:cross-encoder/quora-roberta-large,phase=load
2025-06-04 02:34:28,<frozen runpy>,pid=27842,model=RAW_FEATURES,phase=fit,seconds=0.0
2025-06-04 02:45:36,<frozen runpy>,pid=28898,model=TFIDF,phase=load
2025-06-04 02:45:49,<frozen runpy>,pid=28898,model=SVD-150,phase=load
2025-06-04 02:45:50,<frozen runpy>,pid=28898,model=SVD-100,phase=load
2025-06-04 02:45:53,<frozen runpy>,pid=28898,model=CROSS:cross-encoder/quora-roberta-large,phase=load
2025-06-04 02:45:54,<frozen runpy>,pid=28898,model=RAW_FEATURES,phase=fit,seconds=0.0
2025-06-04 02:52:50,<frozen runpy>,pid=29582,model=TFIDF,phase=load
2025-06-04 02:53:02,<frozen runpy>,pid=29582,model=SVD-150,phase=load
2025-06-04 02:53:04,<frozen runpy>,pid=29582,model=SVD-100,phase=load
2025-06-04 02:53:07,<frozen runpy>,pid=29582,model=CROSS:cross-encoder/quora-roberta-large,phase=load
2025-06-04 02:53:08,<frozen runpy>,pid=29582,model=RAW_FEATURES,phase=fit,seconds=0.0
2025-06-04 03:11:26,<frozen runpy>,pid=29582,model=UMAP-10,phase=fit,seconds=1097.64,n_components=10
2025-06-04 03:11:26,<frozen runpy>,pid=29582,model=RAW_FEATURES,phase=load
2025-06-04 03:11:31,<frozen runpy>,pid=29582,model=UMAP-10,phase=load,n_components=10
2025-06-04 03:11:31,<frozen runpy>,pid=29582,model=RAW_FEATURES,phase=load
2025-06-04 03:11:36,<frozen runpy>,pid=29582,model=UMAP-10,phase=load,n_components=10
2025-06-04 03:11:37,<frozen runpy>,pid=29582,model=TFIDF,phase=load
2025-06-04 03:11:49,<frozen runpy>,pid=29582,model=SVD-150,phase=load
2025-06-04 03:11:51,<frozen runpy>,pid=29582,model=SVD-100,phase=load
2025-06-04 03:11:54,<frozen runpy>,pid=29582,model=CROSS:cross-encoder/quora-roberta-large,phase=load
2025-06-04 03:11:55,<frozen runpy>,pid=29582,model=RAW_FEATURES,phase=fit,seconds=0.0
2025-06-04 03:27:19,<frozen runpy>,pid=32316,model=TFIDF,phase=fit,seconds=14.86
2025-06-04 03:27:47,<frozen runpy>,pid=32316,model=SVD-150,phase=fit,seconds=15.5
2025-06-04 03:28:13,<frozen runpy>,pid=32316,model=SVD-100,phase=fit,seconds=26.23
2025-06-04 03:28:21,<frozen runpy>,pid=32316,model=CROSS:cross-encoder/quora-roberta-large,phase=fit
2025-06-04 03:38:09,<frozen runpy>,pid=32316,model=RAW_FEATURES,phase=fit,seconds=0.0
2025-06-04 03:56:11,<frozen runpy>,pid=32316,model=IPCA-95,phase=fit,seconds=1082.37,n_components=3
2025-06-04 03:56:12,<frozen runpy>,pid=32316,model=TFIDF,phase=load
2025-06-04 03:56:25,<frozen runpy>,pid=32316,model=SVD-150,phase=load
2025-06-04 03:56:26,<frozen runpy>,pid=32316,model=SVD-100,phase=load
2025-06-04 03:57:42,<frozen runpy>,pid=32316,model=RAW_FEATURES,phase=fit,seconds=0.0
2025-06-04 03:57:42,<frozen runpy>,pid=32316,model=IPCA-95,phase=load,n_components=3
2025-06-04 03:57:43,<frozen runpy>,pid=32316,model=TFIDF,phase=load
2025-06-04 03:57:55,<frozen runpy>,pid=32316,model=SVD-150,phase=load
2025-06-04 03:57:57,<frozen runpy>,pid=32316,model=SVD-100,phase=load
2025-06-04 03:59:11,<frozen runpy>,pid=32316,model=RAW_FEATURES,phase=fit,seconds=0.0
2025-06-04 03:59:11,<frozen runpy>,pid=32316,model=IPCA-95,phase=load,n_components=3
2025-06-04 03:59:11,<frozen runpy>,pid=32316,model=TFIDF,phase=load
2025-06-04 03:59:25,<frozen runpy>,pid=32316,model=SVD-150,phase=load
2025-06-04 03:59:26,<frozen runpy>,pid=32316,model=SVD-100,phase=load
2025-06-04 03:59:35,<frozen runpy>,pid=32316,model=CROSS:cross-encoder/quora-roberta-large,phase=load
2025-06-04 03:59:38,<frozen runpy>,pid=32316,model=RAW_FEATURES,phase=fit,seconds=0.0
2025-06-04 04:16:32,<frozen runpy>,pid=32316,model=UMAP-10,phase=fit,seconds=1014.59,n_components=10
2025-06-04 04:16:33,<frozen runpy>,pid=32316,model=RAW_FEATURES,phase=load
2025-06-04 04:16:38,<frozen runpy>,pid=32316,model=UMAP-10,phase=load,n_components=10
2025-06-04 04:16:38,<frozen runpy>,pid=32316,model=RAW_FEATURES,phase=load
2025-06-04 04:16:43,<frozen runpy>,pid=32316,model=UMAP-10,phase=load,n_components=10
2025-06-09 19:01:11,<frozen runpy>,pid=6318,model=TFIDF,phase=load
2025-06-09 19:01:24,<frozen runpy>,pid=6318,model=SVD-150,phase=load
2025-06-09 19:01:25,<frozen runpy>,pid=6318,model=SVD-100,phase=load
2025-06-09 19:01:32,<frozen runpy>,pid=6318,model=CROSS:cross-encoder/quora-roberta-large,phase=fit
2025-06-09 19:11:04,<frozen runpy>,pid=6318,model=IPCA-95,phase=load,n_components=3
2025-06-09 19:11:05,<frozen runpy>,pid=6318,model=TFIDF,phase=load
2025-06-09 19:11:18,<frozen runpy>,pid=6318,model=SVD-150,phase=load
2025-06-09 19:11:19,<frozen runpy>,pid=6318,model=SVD-100,phase=load
2025-06-09 19:21:00,<frozen runpy>,pid=6318,model=IPCA-95,phase=load,n_components=3
2025-06-09 19:21:01,<frozen runpy>,pid=6318,model=TFIDF,phase=load
2025-06-09 19:21:14,<frozen runpy>,pid=6318,model=SVD-150,phase=load
2025-06-09 19:21:15,<frozen runpy>,pid=6318,model=SVD-100,phase=load
2025-06-09 19:30:54,<frozen runpy>,pid=6318,model=IPCA-95,phase=load,n_components=3
2025-06-09 19:30:55,<frozen runpy>,pid=6318,model=TFIDF,phase=load
2025-06-09 19:31:07,<frozen runpy>,pid=6318,model=SVD-150,phase=load
2025-06-09 19:31:09,<frozen runpy>,pid=6318,model=SVD-100,phase=load
2025-06-09 19:40:43,<frozen runpy>,pid=6318,model=IPCA-95,phase=load,n_components=3
2025-06-09 19:40:44,<frozen runpy>,pid=6318,model=TFIDF,phase=load
2025-06-09 19:40:57,<frozen runpy>,pid=6318,model=SVD-150,phase=load
2025-06-09 19:40:58,<frozen runpy>,pid=6318,model=SVD-100,phase=load
2025-06-09 19:50:33,<frozen runpy>,pid=6318,model=IPCA-95,phase=load,n_components=3
2025-06-09 19:50:34,<frozen runpy>,pid=6318,model=TFIDF,phase=load
2025-06-09 19:50:47,<frozen runpy>,pid=6318,model=SVD-150,phase=load
2025-06-09 19:50:48,<frozen runpy>,pid=6318,model=SVD-100,phase=load
2025-06-09 20:00:26,<frozen runpy>,pid=6318,model=IPCA-95,phase=load,n_components=3
2025-06-09 20:04:14,<frozen runpy>,pid=6318,model=TFIDF,phase=load
2025-06-09 20:04:27,<frozen runpy>,pid=6318,model=SVD-150,phase=load
2025-06-09 20:04:28,<frozen runpy>,pid=6318,model=SVD-100,phase=load
2025-06-09 20:05:44,<frozen runpy>,pid=6318,model=IPCA-95,phase=load,n_components=3
2025-06-09 20:05:45,<frozen runpy>,pid=6318,model=TFIDF,phase=load
2025-06-09 20:05:57,<frozen runpy>,pid=6318,model=SVD-150,phase=load
2025-06-09 20:05:59,<frozen runpy>,pid=6318,model=SVD-100,phase=load
2025-06-09 20:07:15,<frozen runpy>,pid=6318,model=IPCA-95,phase=load,n_components=3
2025-06-09 20:07:15,<frozen runpy>,pid=6318,model=TFIDF,phase=load
2025-06-09 20:07:28,<frozen runpy>,pid=6318,model=SVD-150,phase=load
2025-06-09 20:07:29,<frozen runpy>,pid=6318,model=SVD-100,phase=load
2025-06-09 20:08:45,<frozen runpy>,pid=6318,model=IPCA-95,phase=load,n_components=3
2025-06-09 20:08:46,<frozen runpy>,pid=6318,model=TFIDF,phase=load
2025-06-09 20:08:58,<frozen runpy>,pid=6318,model=SVD-150,phase=load
2025-06-09 20:09:00,<frozen runpy>,pid=6318,model=SVD-100,phase=load
2025-06-09 20:10:16,<frozen runpy>,pid=6318,model=IPCA-95,phase=load,n_components=3
2025-06-09 20:10:16,<frozen runpy>,pid=6318,model=TFIDF,phase=load
2025-06-09 20:10:29,<frozen runpy>,pid=6318,model=SVD-150,phase=load
2025-06-09 20:10:31,<frozen runpy>,pid=6318,model=SVD-100,phase=load
2025-06-09 20:11:47,<frozen runpy>,pid=6318,model=IPCA-95,phase=load,n_components=3
2025-06-09 20:11:47,<frozen runpy>,pid=6318,model=TFIDF,phase=load
2025-06-09 20:12:00,<frozen runpy>,pid=6318,model=SVD-150,phase=load
2025-06-09 20:12:01,<frozen runpy>,pid=6318,model=SVD-100,phase=load
2025-06-09 20:13:17,<frozen runpy>,pid=6318,model=IPCA-95,phase=load,n_components=3
2025-06-09 21:14:02,<frozen runpy>,pid=14933,model=TFIDF,phase=load
2025-06-09 21:14:15,<frozen runpy>,pid=14933,model=SVD-150,phase=load
2025-06-09 21:14:16,<frozen runpy>,pid=14933,model=SVD-100,phase=load
2025-06-09 21:14:20,<frozen runpy>,pid=14933,model=CROSS:cross-encoder/quora-roberta-large,phase=fit
2025-06-09 21:15:34,<frozen runpy>,pid=14933,model=IPCA-95,phase=load,n_components=3
2025-06-09 21:19:16,<frozen runpy>,pid=14933,model=TFIDF,phase=load
2025-06-09 21:19:28,<frozen runpy>,pid=14933,model=SVD-150,phase=load
2025-06-09 21:19:30,<frozen runpy>,pid=14933,model=SVD-100,phase=load
2025-06-09 21:20:44,<frozen runpy>,pid=14933,model=IPCA-95,phase=load,n_components=3
2025-06-09 21:24:25,<frozen runpy>,pid=14933,model=TFIDF,phase=load
2025-06-09 21:24:37,<frozen runpy>,pid=14933,model=SVD-150,phase=load
2025-06-09 21:24:39,<frozen runpy>,pid=14933,model=SVD-100,phase=load
2025-06-09 21:25:53,<frozen runpy>,pid=14933,model=IPCA-95,phase=load,n_components=3
2025-06-09 21:31:45,<frozen runpy>,pid=14933,model=TFIDF,phase=load
2025-06-09 21:31:58,<frozen runpy>,pid=14933,model=SVD-150,phase=load
2025-06-09 21:31:59,<frozen runpy>,pid=14933,model=SVD-100,phase=load
2025-06-09 21:33:13,<frozen runpy>,pid=14933,model=IPCA-95,phase=load,n_components=3
2025-06-09 21:37:07,<frozen runpy>,pid=14933,model=TFIDF,phase=load
2025-06-09 21:37:20,<frozen runpy>,pid=14933,model=SVD-150,phase=load
2025-06-09 21:37:21,<frozen runpy>,pid=14933,model=SVD-100,phase=load
2025-06-09 21:38:34,<frozen runpy>,pid=14933,model=IPCA-95,phase=load,n_components=3
2025-06-09 21:38:35,<frozen runpy>,pid=14933,model=TFIDF,phase=load
2025-06-09 21:38:47,<frozen runpy>,pid=14933,model=SVD-150,phase=load
2025-06-09 21:38:48,<frozen runpy>,pid=14933,model=SVD-100,phase=load
2025-06-09 21:40:01,<frozen runpy>,pid=14933,model=IPCA-95,phase=load,n_components=3
2025-06-09 21:40:02,<frozen runpy>,pid=14933,model=TFIDF,phase=load
2025-06-09 21:40:14,<frozen runpy>,pid=14933,model=SVD-150,phase=load
2025-06-09 21:40:15,<frozen runpy>,pid=14933,model=SVD-100,phase=load
2025-06-09 21:41:28,<frozen runpy>,pid=14933,model=IPCA-95,phase=load,n_components=3
2025-06-09 21:45:18,<frozen runpy>,pid=14933,model=TFIDF,phase=load
2025-06-09 21:45:30,<frozen runpy>,pid=14933,model=SVD-150,phase=load
2025-06-09 21:45:32,<frozen runpy>,pid=14933,model=SVD-100,phase=load
2025-06-09 21:46:43,<frozen runpy>,pid=14933,model=IPCA-95,phase=load,n_components=3
2025-06-09 21:46:43,<frozen runpy>,pid=14933,model=TFIDF,phase=load
2025-06-09 21:46:56,<frozen runpy>,pid=14933,model=SVD-150,phase=load
2025-06-09 21:46:57,<frozen runpy>,pid=14933,model=SVD-100,phase=load
2025-06-09 21:48:07,<frozen runpy>,pid=14933,model=IPCA-95,phase=load,n_components=3
2025-06-09 21:51:49,<frozen runpy>,pid=14933,model=TFIDF,phase=load
2025-06-09 21:52:01,<frozen runpy>,pid=14933,model=SVD-150,phase=load
2025-06-09 21:52:02,<frozen runpy>,pid=14933,model=SVD-100,phase=load
2025-06-09 21:53:13,<frozen runpy>,pid=14933,model=IPCA-95,phase=load,n_components=3
2025-06-09 21:53:13,<frozen runpy>,pid=14933,model=TFIDF,phase=load
2025-06-09 21:53:26,<frozen runpy>,pid=14933,model=SVD-150,phase=load
2025-06-09 21:53:27,<frozen runpy>,pid=14933,model=SVD-100,phase=load
2025-06-09 21:54:37,<frozen runpy>,pid=14933,model=IPCA-95,phase=load,n_components=3
2025-06-09 21:54:38,<frozen runpy>,pid=14933,model=TFIDF,phase=load
2025-06-09 21:54:50,<frozen runpy>,pid=14933,model=SVD-150,phase=load
2025-06-09 21:54:51,<frozen runpy>,pid=14933,model=SVD-100,phase=load
2025-06-09 21:56:02,<frozen runpy>,pid=14933,model=IPCA-95,phase=load,n_components=3
2025-06-09 21:56:02,<frozen runpy>,pid=14933,model=TFIDF,phase=load
2025-06-09 21:56:15,<frozen runpy>,pid=14933,model=SVD-150,phase=load
2025-06-09 21:56:16,<frozen runpy>,pid=14933,model=SVD-100,phase=load
2025-06-09 21:57:26,<frozen runpy>,pid=14933,model=IPCA-95,phase=load,n_components=3
2025-06-09 22:01:11,<frozen runpy>,pid=14933,model=TFIDF,phase=load
2025-06-09 22:01:24,<frozen runpy>,pid=14933,model=SVD-150,phase=load
2025-06-09 22:01:25,<frozen runpy>,pid=14933,model=SVD-100,phase=load
2025-06-09 22:02:39,<frozen runpy>,pid=14933,model=IPCA-95,phase=load,n_components=3
2025-06-11 01:13:01,<frozen runpy>,pid=19634,model=TFIDF,phase=load
2025-06-11 01:13:14,<frozen runpy>,pid=19634,model=SVD-150,phase=load
2025-06-11 01:13:15,<frozen runpy>,pid=19634,model=SVD-100,phase=load
2025-06-11 01:13:17,<frozen runpy>,pid=19634,model=CROSS:cross-encoder/quora-roberta-large,phase=fit
2025-06-11 01:14:29,<frozen runpy>,pid=19634,model=IPCA-95,phase=load,n_components=3
2025-06-12 00:14:21,<frozen runpy>,pid=31041,model=TFIDF,phase=load
2025-06-12 00:14:34,<frozen runpy>,pid=31041,model=SVD-150,phase=load
2025-06-12 00:14:35,<frozen runpy>,pid=31041,model=SVD-100,phase=load
2025-06-12 00:14:39,<frozen runpy>,pid=31041,model=CROSS:cross-encoder/quora-roberta-large,phase=fit
2025-06-12 00:15:52,<frozen runpy>,pid=31041,model=IPCA-95,phase=load,n_components=3
2025-06-12 00:15:52,<frozen runpy>,pid=31041,model=TFIDF,phase=load
2025-06-12 00:16:05,<frozen runpy>,pid=31041,model=SVD-150,phase=load
2025-06-12 00:16:06,<frozen runpy>,pid=31041,model=SVD-100,phase=load
2025-06-12 00:17:20,<frozen runpy>,pid=31041,model=IPCA-95,phase=load,n_components=3
2025-06-12 00:21:00,<frozen runpy>,pid=31041,model=TFIDF,phase=load
2025-06-12 00:21:13,<frozen runpy>,pid=31041,model=SVD-150,phase=load
2025-06-12 00:21:14,<frozen runpy>,pid=31041,model=SVD-100,phase=load
2025-06-12 00:22:28,<frozen runpy>,pid=31041,model=IPCA-95,phase=load,n_components=3
2025-06-12 00:22:28,<frozen runpy>,pid=31041,model=TFIDF,phase=load
2025-06-12 00:22:41,<frozen runpy>,pid=31041,model=SVD-150,phase=load
2025-06-12 00:22:42,<frozen runpy>,pid=31041,model=SVD-100,phase=load
2025-06-12 00:23:56,<frozen runpy>,pid=31041,model=IPCA-95,phase=load,n_components=3
2025-06-12 00:34:16,<frozen runpy>,pid=31041,model=TFIDF,phase=load
2025-06-12 00:34:28,<frozen runpy>,pid=31041,model=SVD-150,phase=load
2025-06-12 00:34:30,<frozen runpy>,pid=31041,model=SVD-100,phase=load
2025-06-12 00:49:58,<frozen runpy>,pid=34523,model=TFIDF,phase=load
2025-06-12 00:50:10,<frozen runpy>,pid=34523,model=SVD-150,phase=load
2025-06-12 00:50:12,<frozen runpy>,pid=34523,model=SVD-100,phase=load
2025-06-12 00:50:14,<frozen runpy>,pid=34523,model=CROSS:cross-encoder/quora-roberta-large,phase=fit
2025-06-12 00:51:28,<frozen runpy>,pid=34523,model=IPCA-95,phase=load,n_components=3
2025-06-12 00:51:28,<frozen runpy>,pid=34523,model=TFIDF,phase=load
2025-06-12 00:51:41,<frozen runpy>,pid=34523,model=SVD-150,phase=load
2025-06-12 00:51:42,<frozen runpy>,pid=34523,model=SVD-100,phase=load
2025-06-12 00:52:53,<frozen runpy>,pid=34523,model=IPCA-95,phase=load,n_components=3
2025-06-12 00:56:24,<frozen runpy>,pid=34523,model=TFIDF,phase=load
2025-06-12 00:56:36,<frozen runpy>,pid=34523,model=SVD-150,phase=load
2025-06-12 00:56:38,<frozen runpy>,pid=34523,model=SVD-100,phase=load
2025-06-12 00:57:48,<frozen runpy>,pid=34523,model=IPCA-95,phase=load,n_components=3
2025-06-12 00:57:49,<frozen runpy>,pid=34523,model=TFIDF,phase=load
2025-06-12 00:58:01,<frozen runpy>,pid=34523,model=SVD-150,phase=load
2025-06-12 00:58:02,<frozen runpy>,pid=34523,model=SVD-100,phase=load
2025-06-12 00:59:13,<frozen runpy>,pid=34523,model=IPCA-95,phase=load,n_components=3
2025-06-12 01:02:42,<frozen runpy>,pid=34523,model=TFIDF,phase=load
2025-06-12 01:02:54,<frozen runpy>,pid=34523,model=SVD-150,phase=load
2025-06-12 01:02:56,<frozen runpy>,pid=34523,model=SVD-100,phase=load
2025-06-12 01:04:06,<frozen runpy>,pid=34523,model=IPCA-95,phase=load,n_components=3
2025-06-12 01:07:36,<frozen runpy>,pid=34523,model=TFIDF,phase=load
2025-06-12 01:07:48,<frozen runpy>,pid=34523,model=SVD-150,phase=load
2025-06-12 01:07:49,<frozen runpy>,pid=34523,model=SVD-100,phase=load
2025-06-12 01:09:00,<frozen runpy>,pid=34523,model=IPCA-95,phase=load,n_components=3
2025-06-12 01:12:48,<frozen runpy>,pid=34523,model=TFIDF,phase=load
2025-06-12 01:13:00,<frozen runpy>,pid=34523,model=SVD-150,phase=load
2025-06-12 01:13:01,<frozen runpy>,pid=34523,model=SVD-100,phase=load
2025-06-12 01:14:12,<frozen runpy>,pid=34523,model=IPCA-95,phase=load,n_components=3
2025-06-12 01:14:12,<frozen runpy>,pid=34523,model=TFIDF,phase=load
2025-06-12 01:14:24,<frozen runpy>,pid=34523,model=SVD-150,phase=load
2025-06-12 01:14:26,<frozen runpy>,pid=34523,model=SVD-100,phase=load
2025-06-12 01:15:36,<frozen runpy>,pid=34523,model=IPCA-95,phase=load,n_components=3
2025-06-12 21:15:45,<frozen runpy>,pid=4394,model=TFIDF,phase=load2025-06-12 21:15:59,<frozen runpy>,pid=4394,model=SVD-150,phase=load2025-06-12 21:16:00,<frozen runpy>,pid=4394,model=SVD-100,phase=load2025-06-12 21:16:02,<frozen runpy>,pid=4394,model=CROSS:cross-encoder/quora-roberta-large,phase=fit2025-06-12 21:17:14,<frozen runpy>,pid=4394,model=IPCA-95,phase=load,n_components=32025-06-12 21:21:08,<frozen runpy>,pid=4394,model=TFIDF,phase=load2025-06-12 21:21:21,<frozen runpy>,pid=4394,model=SVD-150,phase=load2025-06-12 21:21:22,<frozen runpy>,pid=4394,model=SVD-100,phase=load2025-06-12 21:22:35,<frozen runpy>,pid=4394,model=IPCA-95,phase=load,n_components=32025-06-12 21:22:36,<frozen runpy>,pid=4394,model=TFIDF,phase=load2025-06-12 21:22:48,<frozen runpy>,pid=4394,model=SVD-150,phase=load2025-06-12 21:22:50,<frozen runpy>,pid=4394,model=SVD-100,phase=load2025-06-12 21:24:03,<frozen runpy>,pid=4394,model=IPCA-95,phase=load,n_components=32025-06-12 21:31:44,<frozen runpy>,pid=4394,model=TFIDF,phase=load2025-06-12 21:31:57,<frozen runpy>,pid=4394,model=SVD-150,phase=load2025-06-12 21:31:58,<frozen runpy>,pid=4394,model=SVD-100,phase=load2025-06-12 21:33:12,<frozen runpy>,pid=4394,model=IPCA-95,phase=load,n_components=32025-06-12 21:36:58,<frozen runpy>,pid=4394,model=TFIDF,phase=load2025-06-12 21:37:11,<frozen runpy>,pid=4394,model=SVD-150,phase=load2025-06-12 21:37:12,<frozen runpy>,pid=4394,model=SVD-100,phase=load2025-06-12 21:38:24,<frozen runpy>,pid=4394,model=IPCA-95,phase=load,n_components=32025-06-12 21:38:25,<frozen runpy>,pid=4394,model=TFIDF,phase=load2025-06-12 21:38:38,<frozen runpy>,pid=4394,model=SVD-150,phase=load2025-06-12 21:38:39,<frozen runpy>,pid=4394,model=SVD-100,phase=load2025-06-12 21:39:52,<frozen runpy>,pid=4394,model=IPCA-95,phase=load,n_components=32025-06-12 22:07:25,<frozen runpy>,pid=7184,model=TFIDF,phase=load
2025-06-12 22:07:39,<frozen runpy>,pid=7184,model=SVD-150,phase=load
2025-06-12 22:07:40,<frozen runpy>,pid=7184,model=SVD-100,phase=load
2025-06-12 22:07:43,<frozen runpy>,pid=7184,model=CROSS:cross-encoder/quora-roberta-large,phase=fit
2025-06-12 22:08:56,<frozen runpy>,pid=7184,model=IPCA-95,phase=load,n_components=3
2025-06-12 22:08:57,<frozen runpy>,pid=7184,model=TFIDF,phase=load
2025-06-12 22:09:10,<frozen runpy>,pid=7184,model=SVD-150,phase=load
2025-06-12 22:09:11,<frozen runpy>,pid=7184,model=SVD-100,phase=load
2025-06-12 22:10:25,<frozen runpy>,pid=7184,model=IPCA-95,phase=load,n_components=3
2025-06-12 22:14:03,<frozen runpy>,pid=7184,model=TFIDF,phase=load
2025-06-12 22:14:16,<frozen runpy>,pid=7184,model=SVD-150,phase=load
2025-06-12 22:14:18,<frozen runpy>,pid=7184,model=SVD-100,phase=load
2025-06-12 22:15:32,<frozen runpy>,pid=7184,model=IPCA-95,phase=load,n_components=3
2025-06-12 22:15:32,<frozen runpy>,pid=7184,model=TFIDF,phase=load
2025-06-12 22:15:45,<frozen runpy>,pid=7184,model=SVD-150,phase=load
2025-06-12 22:15:46,<frozen runpy>,pid=7184,model=SVD-100,phase=load
2025-06-12 22:17:01,<frozen runpy>,pid=7184,model=IPCA-95,phase=load,n_components=3
2025-06-12 22:20:39,<frozen runpy>,pid=7184,model=TFIDF,phase=load
2025-06-12 22:20:52,<frozen runpy>,pid=7184,model=SVD-150,phase=load
2025-06-12 22:20:54,<frozen runpy>,pid=7184,model=SVD-100,phase=load
2025-06-12 22:22:08,<frozen runpy>,pid=7184,model=IPCA-95,phase=load,n_components=3
2025-06-12 22:25:47,<frozen runpy>,pid=7184,model=TFIDF,phase=load
2025-06-12 22:26:00,<frozen runpy>,pid=7184,model=SVD-150,phase=load
2025-06-12 22:26:01,<frozen runpy>,pid=7184,model=SVD-100,phase=load
2025-06-12 22:27:15,<frozen runpy>,pid=7184,model=IPCA-95,phase=load,n_components=3
2025-06-12 22:31:05,<frozen runpy>,pid=7184,model=TFIDF,phase=load
2025-06-12 22:31:18,<frozen runpy>,pid=7184,model=SVD-150,phase=load
2025-06-12 22:31:19,<frozen runpy>,pid=7184,model=SVD-100,phase=load
2025-06-12 22:32:33,<frozen runpy>,pid=7184,model=IPCA-95,phase=load,n_components=3
2025-06-12 22:32:34,<frozen runpy>,pid=7184,model=TFIDF,phase=load
2025-06-12 22:32:47,<frozen runpy>,pid=7184,model=SVD-150,phase=load
2025-06-12 22:32:48,<frozen runpy>,pid=7184,model=SVD-100,phase=load
2025-06-12 22:34:02,<frozen runpy>,pid=7184,model=IPCA-95,phase=load,n_components=3
2025-06-12 22:37:57,<frozen runpy>,pid=7184,model=TFIDF,phase=load
2025-06-12 22:38:10,<frozen runpy>,pid=7184,model=SVD-150,phase=load
2025-06-12 22:38:11,<frozen runpy>,pid=7184,model=SVD-100,phase=load
2025-06-12 22:39:25,<frozen runpy>,pid=7184,model=IPCA-95,phase=load,n_components=3
2025-06-12 22:43:11,<frozen runpy>,pid=7184,model=TFIDF,phase=load
2025-06-12 22:43:24,<frozen runpy>,pid=7184,model=SVD-150,phase=load
2025-06-12 22:43:25,<frozen runpy>,pid=7184,model=SVD-100,phase=load
2025-06-12 22:44:37,<frozen runpy>,pid=7184,model=IPCA-95,phase=load,n_components=3
2025-06-12 22:44:38,<frozen runpy>,pid=7184,model=TFIDF,phase=load
2025-06-12 22:44:51,<frozen runpy>,pid=7184,model=SVD-150,phase=load
2025-06-12 22:44:52,<frozen runpy>,pid=7184,model=SVD-100,phase=load
2025-06-12 22:46:05,<frozen runpy>,pid=7184,model=IPCA-95,phase=load,n_components=3
2025-06-12 22:49:52,<frozen runpy>,pid=7184,model=TFIDF,phase=load
2025-06-12 22:50:05,<frozen runpy>,pid=7184,model=SVD-150,phase=load
2025-06-12 22:50:06,<frozen runpy>,pid=7184,model=SVD-100,phase=load
2025-06-12 22:51:19,<frozen runpy>,pid=7184,model=IPCA-95,phase=load,n_components=3
2025-06-12 22:51:19,<frozen runpy>,pid=7184,model=TFIDF,phase=load
2025-06-12 22:51:32,<frozen runpy>,pid=7184,model=SVD-150,phase=load
2025-06-12 22:51:34,<frozen runpy>,pid=7184,model=SVD-100,phase=load
2025-06-12 22:52:48,<frozen runpy>,pid=7184,model=IPCA-95,phase=load,n_components=3
2025-06-12 22:56:37,<frozen runpy>,pid=7184,model=TFIDF,phase=load
2025-06-12 22:56:50,<frozen runpy>,pid=7184,model=SVD-150,phase=load
2025-06-12 22:56:52,<frozen runpy>,pid=7184,model=SVD-100,phase=load
2025-06-12 22:58:05,<frozen runpy>,pid=7184,model=IPCA-95,phase=load,n_components=3
2025-06-13 00:01:26,<frozen runpy>,pid=14977,model=TFIDF,phase=load
2025-06-13 00:01:38,<frozen runpy>,pid=14977,model=SVD-150,phase=load
2025-06-13 00:01:39,<frozen runpy>,pid=14977,model=SVD-100,phase=load
2025-06-13 00:01:42,<frozen runpy>,pid=14977,model=CROSS:cross-encoder/quora-roberta-large,phase=fit
2025-06-13 00:02:55,<frozen runpy>,pid=14977,model=IPCA-95,phase=load,n_components=3
2025-06-13 00:06:27,<frozen runpy>,pid=14977,model=TFIDF,phase=load
2025-06-13 00:06:39,<frozen runpy>,pid=14977,model=SVD-150,phase=load
2025-06-13 00:06:40,<frozen runpy>,pid=14977,model=SVD-100,phase=load
2025-06-13 00:07:51,<frozen runpy>,pid=14977,model=IPCA-95,phase=load,n_components=3
2025-06-13 00:07:52,<frozen runpy>,pid=14977,model=TFIDF,phase=load
2025-06-13 00:08:04,<frozen runpy>,pid=14977,model=SVD-150,phase=load
2025-06-13 00:08:05,<frozen runpy>,pid=14977,model=SVD-100,phase=load
2025-06-13 00:09:16,<frozen runpy>,pid=14977,model=IPCA-95,phase=load,n_components=3
2025-06-13 00:12:47,<frozen runpy>,pid=14977,model=TFIDF,phase=load
2025-06-13 00:12:59,<frozen runpy>,pid=14977,model=SVD-150,phase=load
2025-06-13 00:13:01,<frozen runpy>,pid=14977,model=SVD-100,phase=load
2025-06-13 00:14:11,<frozen runpy>,pid=14977,model=IPCA-95,phase=load,n_components=3
2025-06-13 00:19:54,<frozen runpy>,pid=14977,model=TFIDF,phase=load
2025-06-13 00:20:07,<frozen runpy>,pid=14977,model=SVD-150,phase=load
2025-06-13 00:20:08,<frozen runpy>,pid=14977,model=SVD-100,phase=load
2025-06-13 00:21:18,<frozen runpy>,pid=14977,model=IPCA-95,phase=load,n_components=3
2025-06-13 00:27:48,<frozen runpy>,pid=14977,model=TFIDF,phase=load
2025-06-13 00:28:00,<frozen runpy>,pid=14977,model=SVD-150,phase=load
2025-06-13 00:28:01,<frozen runpy>,pid=14977,model=SVD-100,phase=load
2025-06-13 00:29:12,<frozen runpy>,pid=14977,model=IPCA-95,phase=load,n_components=3
